ID,Y
3,1
5,0
6,1
10,1
17,1
19,0
20,0
32,1
42,1
44,0
45,1
46,1
48,0
51,1
52,0
53,0
55,0
60,0
62,0
63,0
72,0
74,0
76,1
78,0
79,0
83,1
85,0
87,0
89,0
96,1
98,1
102,1
103,0
105,0
124,1
132,0
136,1
138,0
139,1
147,1
151,1
154,1
156,0
158,0
159,1
162,1
168,0
173,0
175,1
177,1
182,1
183,1
184,1
189,0
191,1
194,1
196,0
197,0
199,1
201,1
212,1
215,1
216,0
217,1
222,1
224,1
225,0
228,0
229,1
230,1
231,0
232,0
235,0
238,0
242,0
243,1
247,1
249,0
250,1
251,1
252,0
267,0
269,0
279,0
281,1
282,1
283,1
288,0
291,1
294,1
300,1
302,0
307,1
313,0
316,1
321,0
322,1
324,0
325,1
327,1
333,1
334,0
337,1
338,0
339,1
340,0
341,0
342,1
345,1
348,0
349,0
350,0
354,1
355,1
357,1
359,0
360,0
364,0
367,1
369,1
382,0
386,1
392,0
393,0
395,1
400,0
402,1
409,1
410,0
411,0
413,0
414,1
424,0
427,0
429,0
431,1
433,0
434,0
435,0
436,0
444,1
451,0
457,1
467,0
472,1
477,0
478,0
483,0
487,0
490,1
492,0
494,0
495,0
497,0
498,1
505,0
508,1
511,1
512,0
518,1
519,1
523,1
528,0
531,1
532,0
534,1
536,1
537,1
541,1
547,0
551,0
552,1
553,0
557,1
560,1
564,1
565,0
570,1
573,1
574,0
580,1
587,0
592,1
596,0
601,0
602,1
603,0
604,1
609,1
610,0
615,1
623,0
624,1
625,0
626,1
628,1
629,1
636,1
637,0
638,0
639,1
640,0
643,0
644,1
645,0
647,1
654,0
659,0
660,0
664,1
666,1
672,1
677,1
678,0
683,0
684,1
685,0
694,0
699,1
704,0
712,0
716,1
719,1
723,1
727,0
729,1
738,0
743,1
744,0
747,1
749,0
765,1
768,0
769,0
771,1
772,0
773,0
776,0
777,0
780,0
783,0
784,1
787,1
794,0
797,1
798,0
800,0
811,0
812,0
816,0
820,1
821,0
828,1
829,0
836,0
840,0
842,1
851,0
864,1
865,0
866,1
872,1
873,0
875,1
877,1
879,1
885,1
898,0
903,0
904,1
905,0
908,1
909,1
911,0
916,1
918,1
920,1
925,1
927,1
929,0
935,1
937,0
938,1
939,1
943,1
945,0
951,1
963,1
966,0
972,1
977,0
986,0
987,0
991,0
995,1
999,1
1010,1
1013,0
1015,1
1017,0
1019,0
1025,0
1027,1
1030,0
1033,0
1034,1
1035,0
1036,1
1037,1
1042,1
1043,0
1046,0
1047,0
1052,1
1055,0
1057,1
1062,0
1066,0
1067,0
1070,0
1073,1
1074,1
1076,0
1077,0
1080,0
1083,1
1087,1
1088,1
1092,0
1094,1
1097,0
1102,0
1106,1
1109,0
1114,0
1116,1
1118,1
1120,0
1124,0
1125,1
1126,1
1136,0
1137,0
1140,0
1142,1
1143,1
1144,0
1147,0
1153,1
1157,0
1159,0
1163,1
1173,0
1174,1
1180,0
1184,0
1187,1
1193,0
1195,1
1198,1
1200,1
1202,0
1203,0
1206,0
1208,0
1213,1
1217,1
1218,0
1221,1
1224,1
1231,0
1234,1
1235,0
1242,0
1245,0
1253,1
1258,1
1259,0
1260,0
1262,0
1267,1
1270,0
1276,1
1277,0
1282,0
1285,0
1292,0
1294,1
1296,0
1300,0
1302,1
1308,0
1312,1
1314,1
1321,1
1325,0
1329,0
1335,1
1338,0
1345,0
1349,0
1350,0
1353,0
1355,1
1360,0
1362,1
1365,1
1367,1
1373,0
1374,1
1375,1
1376,0
1377,1
1381,1
1382,1
1399,1
1409,0
1411,0
1420,1
1421,1
1423,1
1427,1
1428,1
1429,1
1430,1
1437,1
1443,0
1447,1
1448,0
1449,0
1450,1
1453,0
1471,1
1476,0
1477,0
1481,1
1487,1
1489,1
1491,1
1494,0
1497,1
1501,1
1504,0
1507,1
1509,1
1513,0
1515,1
1517,0
1518,1
1519,1
1520,0
1526,0
1527,0
1528,1
1529,1
1530,1
1532,1
1533,1
1535,0
1537,1
1539,1
1540,0
1547,0
1554,1
1560,1
1561,1
1566,1
1570,1
1574,0
1575,1
1576,1
1581,0
1582,0
1586,1
1587,1
1589,1
1590,1
1591,0
1596,0
1599,1
1603,0
1604,0
1605,0
1606,0
1607,0
1609,1
1611,1
1613,1
1614,1
1617,1
1620,1
1621,1
1635,1
1637,1
1638,0
1645,0
1648,0
1659,0
1660,1
1662,0
1664,0
1667,0
1672,1
1677,1
1678,0
1680,1
1682,1
1686,1
1688,0
1692,1
1693,1
1696,1
1705,0
1706,0
1707,0
1712,1
1715,0
1718,1
1721,1
1723,0
1727,1
1750,1
1751,1
1757,1
1758,1
1761,0
1762,1
1766,0
1770,1
1778,1
1780,1
1781,1
1783,1
1794,0
1796,1
1800,0
1801,1
1802,1
1803,0
1805,0
1808,0
1816,1
1817,0
1821,1
1824,1
1830,0
1833,0
1836,0
1840,1
1845,1
1846,0
1847,1
1848,1
1849,1
1850,0
1851,1
1855,0
1858,0
1863,1
1876,1
1877,0
1878,0
1882,0
1887,1
1890,1
1893,1
1896,0
1897,0
1902,1
1912,0
1921,1
1929,0
1937,0
1945,0
1947,1
1948,0
1952,1
1956,0
1958,0
1961,0
1969,0
1972,0
1974,1
1975,0
1986,0
1987,1
1988,0
1990,1
1992,0
1994,1
2003,0
2017,0
2018,1
2019,0
2022,1
2023,0
2024,0
2030,0
2033,1
2035,0
2037,0
2041,1
2042,1
2043,0
2053,0
2055,1
2057,1
2061,1
2063,0
2064,0
2065,0
2070,1
2072,1
2074,0
2079,1
2081,1
2082,0
2083,1
2088,1
2091,0
2092,0
2093,1
2094,1
2096,1
2098,1
2099,1
2101,1
2102,1
2104,1
2107,0
2112,1
2113,0
2121,1
2126,0
2132,0
2136,1
2137,1
2138,1
2142,1
2143,1
2145,1
2153,0
2163,1
2167,1
2170,1
2173,0
2175,0
2176,0
2178,0
2183,0
2190,1
2191,1
2197,1
2198,0
2201,0
2204,1
2205,0
2211,1
2212,1
2214,0
2218,1
2219,1
2224,1
2226,1
2229,1
2233,1
2234,1
2236,0
2237,0
2241,0
2242,1
2246,0
2251,1
2252,0
2253,0
2260,1
2262,0
2264,1
2269,1
2270,1
2274,1
2276,1
2285,1
2289,1
2290,0
2296,1
2297,0
2304,0
2308,1
2309,1
2310,1
2313,0
2314,0
2318,0
2319,1
2325,0
2328,0
2332,1
2340,0
2345,0
2346,1
2348,1
2349,0
2350,0
2357,1
2364,0
2366,0
2368,1
2377,0
2380,1
2382,0
2383,0
2384,1
2387,1
2390,0
2391,1
2392,0
2393,0
2395,0
2401,1
2402,0
2403,0
2404,1
2407,0
2411,1
2413,1
2415,1
2416,0
2417,1
2420,0
2421,0
2427,0
2428,0
2430,0
2433,1
2434,0
2436,0
2440,0
2443,1
2444,1
2446,0
2447,1
2454,1
2457,1
2460,1
2463,1
2465,1
2470,1
2471,1
2486,0
2490,1
2492,1
2493,0
2494,0
2512,0
2513,1
2516,0
2517,1
2529,1
2539,0
2543,0
2544,0
2546,1
2550,1
2560,0
2562,0
2564,1
2567,1
2568,1
2569,0
2576,1
2580,0
2585,1
2587,1
2592,0
2594,1
2595,1
2601,0
2603,1
2613,1
2618,1
2620,1
2629,1
2630,1
2643,1
2646,1
2647,1
2654,1
2655,0
2658,0
2671,1
2675,0
2677,0
2678,1
2682,1
2684,1
2686,1
2689,1
2694,1
2705,1
2706,0
2708,1
2710,0
2716,1
2717,0
2719,1
2723,1
2725,1
2730,0
2731,1
2732,0
2739,0
2741,1
2748,0
2752,0
2753,1
2754,0
2759,1
2761,0
2762,0
2765,1
2768,0
2772,0
2773,0
2781,1
2782,1
2786,1
2789,1
2793,1
2809,1
2811,0
2812,1
2814,1
2817,1
2825,1
2828,0
2833,0
2834,1
2838,0
2843,0
2845,1
2847,1
2854,1
2861,1
2866,1
2868,1
2869,1
2871,1
2872,0
2875,0
2878,0
2882,1
2883,0
2884,1
2886,1
2890,0
2893,1
2896,0
2897,0
2904,1
2907,1
2910,0
2917,0
2921,1
2922,1
2923,0
2924,0
2925,1
2928,1
2929,1
2934,0
2949,1
2950,0
2955,1
2962,1
2963,1
2964,0
2965,1
2968,0
2973,0
2976,0
2977,1
2978,0
2983,0
2984,1
2988,1
2989,0
2995,1
3001,0
3007,0
3011,0
3016,0
3022,1
3037,0
3045,0
3051,0
3054,0
3059,0
3061,1
3062,0
3064,0
3069,1
3075,1
3085,0
3086,0
3087,0
3092,0
3095,0
3100,1
3101,0
3104,0
3105,1
3110,1
3111,0
3112,1
3113,1
3116,1
3119,1
3135,0
3138,0
3141,1
3145,0
3152,0
3154,1
3161,1
3163,1
3165,0
3167,0
3169,0
3176,1
3178,1
3179,0
3182,0
3186,0
3189,1
3190,1
3192,0
3194,1
3195,0
3197,1
3199,1
3201,0
3209,1
3214,0
3217,0
3218,0
3219,1
3220,1
3227,1
3229,0
3232,0
3238,1
3239,0
3240,0
3241,1
3242,1
3244,0
3261,0
3262,1
3268,1
3269,1
3270,1
3271,1
3272,1
3276,0
3278,0
3281,0
3282,1
3287,0
3288,0
3290,1
3294,0
3295,0
3297,0
3299,1
3301,1
3307,0
3310,1
3315,1
3316,0
3319,0
3331,1
3332,0
3338,0
3341,0
3344,0
3346,0
3348,0
3352,0
3353,1
3354,0
3357,1
3361,0
3362,1
3363,1
3364,1
3365,0
3370,0
3372,1
3375,0
3378,1
3379,0
3383,0
3384,1
3388,0
3389,0
3391,1
3392,0
3393,0
3395,0
3396,1
3401,1
3402,0
3405,0
3407,1
3415,1
3417,0
3420,0
3425,1
3428,1
3431,1
3434,0
3437,1
3439,0
3452,1
3458,1
3470,1
3472,0
3473,0
3475,1
3484,1
3485,0
3486,1
3488,1
3489,1
3499,1
3500,0
3505,1
3508,1
3509,0
3510,0
3514,1
3517,1
3524,0
3526,1
3531,1
3533,0
3534,0
3537,1
3539,1
3540,0
3541,0
3543,1
3548,0
3553,0
3556,1
3557,1
3558,0
3559,0
3562,1
3565,0
3566,0
3567,1
3569,0
3571,0
3575,1
3576,1
3579,1
3584,1
3585,1
3589,0
3594,0
3596,1
3602,1
3604,0
3605,0
3608,0
3609,0
3610,1
3612,0
3614,1
3615,1
3619,0
3620,0
3624,0
3626,1
3628,1
3631,0
3632,0
3636,1
3644,0
3648,1
3653,0
3654,0
3657,1
3658,0
3659,1
3665,0
3677,0
3683,0
3684,0
3686,0
3687,1
3688,0
3690,0
3693,0
3694,1
3696,1
3698,0
3705,1
3708,0
3711,0
3712,0
3715,0
3719,1
3726,1
3730,1
3739,1
3742,0
3743,0
3746,0
3747,1
3755,1
3757,1
3765,1
3768,0
3773,0
3775,0
3777,1
3778,0
3780,0
3784,1
3789,0
3795,0
3796,0
3797,0
3804,1
3812,0
3819,1
3823,1
3826,0
3831,1
3832,0
3835,0
3842,1
3846,0
3848,1
3849,0
3851,0
3857,1
3862,1
3864,0
3868,1
3871,0
3872,0
3873,0
3874,1
3875,1
3880,0
3882,0
3883,1
3885,1
3886,0
3895,1
3896,0
3898,0
3899,0
3901,0
3902,0
3903,0
3904,1
3918,1
3919,1
3922,0
3923,0
3925,0
3927,0
3928,1
3929,0
3930,0
3935,0
3937,0
3942,1
3954,1
3957,0
3961,0
3966,0
3970,0
3974,0
3980,1
3982,1
3984,0
3985,1
3986,1
3988,1
3993,1
3994,1
3995,0
4000,1
4003,1
4007,1
4009,0
4011,0
4014,0
4017,1
4020,1
4022,1
4024,1
4031,1
4033,1
4035,0
4036,1
4058,1
4063,1
4073,0
4076,1
4080,0
4082,0
4083,0
4090,0
4091,0
4100,0
4105,1
4112,1
4120,0
4125,0
4130,1
4131,1
4133,1
4138,1
4149,1
4152,1
4153,1
4159,0
4161,1
4166,0
4167,0
4171,1
4176,0
4178,0
4179,0
4181,1
4185,0
4188,1
4189,0
4194,1
4195,0
4200,0
4207,1
4213,0
4222,1
4223,0
4225,1
4229,1
4231,0
4233,1
4235,1
4240,1
4242,1
4246,1
4252,0
4253,1
4257,1
4258,1
4263,0
4271,0
4274,0
4276,0
4277,0
4279,0
4283,1
4288,1
4289,1
4292,0
4294,1
4296,0
4298,0
4302,0
4303,0
4304,1
4305,0
4309,0
4310,0
4313,0
4315,1
4317,1
4318,0
4321,0
4324,1
4326,0
4327,1
4333,0
4335,1
4337,1
4338,1
4339,0
4350,0
4352,0
4353,0
4355,0
4356,1
4359,0
4360,1
4361,1
4364,1
4366,0
4368,0
4371,0
4373,1
4375,0
4376,0
4378,1
4379,0
4383,1
4385,1
4387,1
4389,1
4394,0
4404,0
4406,0
4408,0
4409,0
4410,1
4412,1
4415,0
4418,0
4419,1
4421,0
4430,0
4432,0
4433,0
4437,0
4438,1
4445,1
4451,0
4453,1
4454,1
4458,0
4461,1
4469,1
4470,0
4472,0
4474,1
4475,1
4478,0
4479,1
4481,0
4483,0
4486,1
4488,1
4489,1
4498,1
4502,1
4503,1
4504,1
4506,0
4507,0
4509,1
4515,1
4517,0
4519,1
4521,0
4524,0
4534,1
4537,1
4540,1
4546,0
4547,1
4548,1
4549,1
4550,1
4554,0
4555,0
4559,0
4562,1
4563,1
4566,0
4574,0
4578,1
4579,1
4580,1
4581,1
4585,1
4589,1
4593,1
4594,1
4595,0
4596,0
4597,0
4598,0
4606,1
4608,1
4611,1
4615,0
4617,1
4620,1
4621,0
4624,1
4628,1
4631,0
4633,0
4637,0
4647,1
4649,1
4659,0
4664,1
4666,0
4670,1
4672,1
4675,1
4676,1
4692,1
4697,1
4701,1
4702,0
4703,0
4708,0
4728,1
4730,1
4733,1
4735,1
4739,1
4740,1
4753,1
4755,1
4759,0
4761,0
4763,1
4765,0
4768,0
4773,0
4778,1
4781,0
4782,1
4790,1
4793,1
4796,0
4798,1
4802,0
4803,0
4807,0
4815,0
4817,0
4818,0
4819,0
4820,0
4827,0
4829,1
4830,0
4833,0
4838,1
4839,0
4841,0
4844,0
4852,1
4859,1
4860,0
4861,0
4864,1
4867,1
4870,0
4874,0
4875,1
4880,0
4884,0
4885,0
4888,0
4900,1
4906,1
4908,0
4909,0
4912,1
4914,1
4915,1
4916,1
4924,0
4927,0
4928,0
4930,0
4933,1
4934,1
4944,1
4945,1
4950,1
4952,1
4958,1
4962,1
4966,0
4967,0
4968,1
4971,1
4973,0
4974,0
4976,1
4980,0
4992,0
4996,1
4999,0
5003,0
5006,1
5008,1
5011,1
5015,0
5018,0
5024,0
5029,1
5030,0
5032,1
5033,1
5047,1
5048,1
5062,1
5064,0
5065,1
5080,0
5085,1
5088,0
5092,1
5098,1
5102,1
5110,0
5112,1
5117,0
5120,0
5121,1
5137,1
5140,0
5143,1
5152,0
5163,0
5171,1
5173,1
5179,0
5181,0
5185,1
5192,0
5193,1
5199,0
5200,0
5202,1
5208,1
5209,0
5216,0
5217,0
5218,0
5225,0
5229,0
5235,0
5239,0
5241,1
5243,1
5245,0
5248,1
5250,0
5252,0
5253,1
5256,0
5262,1
5263,1
5264,0
5265,1
5272,1
5274,0
5277,0
5280,0
5294,0
5295,1
5296,0
5297,0
5304,1
5309,0
5312,0
5315,0
5319,0
5321,0
5322,0
5329,0
5332,0
5334,0
5335,1
5336,0
5339,0
5341,0
5350,1
5352,1
5354,0
5355,0
5360,0
5365,1
5370,1
5371,0
5373,1
5374,0
5375,0
5377,1
5385,0
5386,0
5387,1
5388,1
5401,1
5403,1
5414,0
5417,0
5418,1
5419,1
5423,1
5424,0
5426,1
5433,0
5436,1
5438,0
5446,1
5450,1
5454,0
5457,0
5459,1
5462,1
5463,0
5465,0
5467,1
5480,1
5481,0
5483,1
5484,0
5486,0
5489,0
5492,0
5498,1
5504,1
5506,0
5508,0
5517,0
5523,0
5526,1
5530,0
5540,0
5541,1
5542,0
5543,0
5548,1
5554,1
5557,1
5561,0
5568,1
5573,1
5574,0
5575,0
5576,0
5577,1
5580,0
5582,1
5585,1
5590,1
5591,0
5592,0
5597,0
5599,1
5600,0
5605,0
5607,1
5609,0
5612,1
5614,1
5617,1
5618,1
5620,0
5625,0
5630,1
5632,0
5639,1
5640,0
5650,1
5653,1
5659,0
5662,0
5665,0
5669,1
5670,1
5680,0
5686,1
5689,1
5692,0
5693,1
5694,1
5699,1
5704,1
5705,0
5715,0
5717,0
5719,0
5723,0
5727,1
5729,1
5734,0
5738,1
5741,1
5746,0
5752,1
5754,0
5757,0
5763,0
5766,0
5775,0
5777,1
5778,1
5782,1
5785,1
5788,1
5796,1
5801,0
5802,1
5803,0
5810,1
5812,1
5813,0
5815,1
5818,1
5819,1
5822,1
5823,0
5834,1
5836,1
5838,0
5842,1
5843,0
5847,0
5848,0
5857,1
5858,1
5862,1
5864,1
5865,1
5866,1
5867,1
5874,0
5878,1
5882,1
5887,0
5888,0
5892,0
5895,0
5898,1
5902,1
5906,1
5912,0
5915,1
5916,0
5917,0
5926,1
5931,0
5936,0
5939,0
5940,1
5941,0
5948,0
5949,0
5953,1
5960,1
5961,1
5966,1
5967,0
5971,1
5973,1
5980,1
5982,1
5986,0
5990,0
6002,1
6006,0
6007,1
6014,1
6016,1
6017,0
6018,0
6020,1
6028,1
6032,0
6034,1
6036,1
6039,1
6042,1
6048,0
6050,1
6051,0
6052,1
6053,1
6055,1
6057,0
6058,1
6065,1
6067,0
6073,1
6075,1
6076,0
6079,0
6083,1
6092,1
6094,0
6095,1
6101,0
6103,0
6106,1
6107,1
6108,1
6111,1
6112,0
6118,1
6123,1
6124,1
6125,1
6128,1
6131,1
6139,1
6141,0
6142,0
6145,1
6149,1
6154,1
6157,0
6158,0
6159,1
6160,1
6163,1
6167,1
6169,1
6171,0
6176,1
6177,0
6180,1
6181,0
6185,1
6186,0
6189,1
6190,0
6193,0
6197,1
6198,1
6200,0
6201,0
6204,1
6205,0
6215,0
6218,1
6219,0
6225,0
6231,1
6233,1
6236,0
6238,1
6240,0
6243,0
6248,1
6249,0
6251,1
6253,0
6257,1
6259,0
6265,1
6270,1
6275,1
6276,1
6279,1
6283,0
6289,0
6291,0
6292,0
6296,0
6300,0
6301,0
6302,1
6304,1
6306,0
6307,1
6313,1
6314,0
6315,0
6317,1
6319,0
6322,1
6330,0
6334,1
6336,1
6338,1
6343,1
6346,1
6348,1
6349,0
6352,0
6354,1
6360,1
6361,1
6362,0
6363,1
6365,0
6367,1
6369,1
6371,0
6372,1
6374,1
6375,1
6386,0
6387,1
6388,0
6394,1
6399,0
6401,1
6402,1
6407,0
6414,0
6417,1
6419,1
6422,0
6423,1
6425,0
6431,0
6435,1
6440,0
6448,1
6452,0
6453,1
6458,0
6459,0
6461,1
6463,1
6466,0
6470,1
6471,0
6473,1
6475,0
6476,0
6477,1
6479,0
6492,0
6493,1
6494,1
6496,1
6497,0
6499,0
6500,0
6505,0
6506,1
6507,1
6513,1
6516,1
6521,0
6526,0
6527,0
6535,1
6537,0
6542,0
6544,1
6546,0
6547,0
6549,1
6554,1
6555,0
6558,1
6560,0
6562,1
6563,1
6565,1
6570,0
6572,0
6573,0
6575,0
6576,1
6578,0
6581,0
6583,0
6584,1
6585,0
6588,0
6597,1
6599,0
6606,0
6607,0
6611,1
6613,1
6614,0
6618,0
6620,0
6623,0
6626,0
6636,0
6637,0
6640,1
6646,0
6649,1
6658,1
6668,0
6669,1
6670,1
6672,0
6673,0
6682,0
6688,1
6691,0
6692,1
6701,0
6702,0
6704,0
6705,1
6706,0
6720,0
6721,0
6722,0
6723,0
6727,0
6731,0
6737,0
6739,0
6742,1
6747,0
6748,0
6757,1
6761,1
6768,1
6769,0
6773,0
6776,1
6778,0
6780,1
6784,1
6790,1
6801,0
6802,0
6805,0
6808,1
6809,0
6815,1
6817,1
6822,1
6827,0
6837,1
6838,0
6840,0
6842,0
6844,0
6846,1
6847,0
6854,0
6857,1
6859,0
6861,1
6862,1
6865,1
6867,0
6869,0
6873,0
6876,0
6878,0
6883,0
6888,0
6892,0
6894,1
6898,0
6899,1
6900,1
6901,0
6909,1
6912,0
6916,0
6922,1
6923,1
6924,0
6927,1
6938,0
6941,0
6949,1
6951,0
6956,1
6957,1
6959,1
6963,0
6964,0
6967,1
6974,0
6979,0
6986,0
6990,1
6992,0
6993,0
6994,0
6996,1
6999,0
7003,1
7012,1
7020,0
7031,0
7032,0
7033,1
7034,1
7036,1
7038,0
7039,1
7042,0
7045,1
7053,1
7067,1
7072,1
7073,1
7074,1
7079,0
7084,0
7085,0
7089,1
7090,1
7092,1
7095,1
7097,0
7099,1
7100,0
7102,1
7103,1
7105,1
7108,1
7109,1
7110,1
7113,1
7123,0
7125,1
7136,0
7137,0
7138,0
7146,1
7147,0
7148,1
7149,0
7152,0
7161,1
7162,0
7175,1
7176,1
7179,0
7183,0
7188,1
7192,0
7195,0
7199,0
7205,1
7206,0
7208,1
7212,0
7213,0
7216,0
7217,0
7218,1
7222,1
7224,0
7227,0
7228,0
7229,1
7233,1
7235,0
7241,1
7243,1
7249,1
7259,1
7262,1
7264,0
7265,0
7272,1
7273,1
7274,1
7279,1
7284,0
7286,1
7287,0
7291,1
7292,0
7293,1
7294,0
7300,0
7304,0
7306,1
7309,0
7312,1
7313,1
7317,1
7323,1
7325,1
7326,1
7339,0
7341,0
7343,0
7348,0
7353,1
7357,0
7360,0
7371,0
7373,0
7377,0
7380,1
7383,1
7386,1
7389,1
7394,0
7397,1
7398,1
7399,0
7405,0
7407,0
7409,1
7410,0
7412,0
7413,1
7416,1
7418,1
7422,1
7429,0
7439,0
7440,0
7446,1
7449,1
7450,0
7456,0
7458,1
7460,1
7468,1
7470,1
7471,1
7481,1
7487,1
7489,1
7490,0
7492,1
7495,0
7498,0
7499,1
7500,0
7502,1
7503,0
7504,0
7505,1
7508,0
7513,0
7515,1
7517,1
7521,0
7523,0
7529,0
7533,0
7546,1
7552,0
7553,1
7554,0
7557,0
7559,1
7560,1
7562,1
7563,0
7566,1
7567,1
7572,1
7582,1
7584,1
7585,1
7588,1
7593,1
7597,1
7602,1
7605,1
7608,0
7612,0
7613,1
7616,0
7617,1
7618,0
7619,1
7620,1
7622,1
7624,1
7634,0
7635,1
7637,0
7647,1
7649,0
7654,0
7655,1
7662,1
7665,0
7670,1
7672,1
7677,0
7678,0
7685,0
7687,0
7692,1
7695,0
7699,0
7700,1
7707,0
7709,0
7710,0
7711,1
7713,0
7721,1
7725,0
7726,0
7727,1
7729,0
7738,0
7739,1
7747,0
7748,0
7749,0
7756,1
7757,1
7759,1
7763,1
7767,0
7768,0
7769,1
7771,1
7772,1
7774,0
7776,1
7778,1
7782,1
7784,1
7788,1
7789,0
7790,1
7794,1
7795,0
7797,1
7801,0
7804,0
7808,0
7809,1
7810,1
7811,1
7812,1
7815,0
7816,0
7819,1
7820,1
7821,1
7827,1
7829,1
7839,0
7841,1
7848,1
7849,1
7850,0
7851,0
7853,0
7855,0
7858,0
7860,1
7862,0
7863,1
7864,1
7867,1
7870,0
7871,0
7874,1
7875,0
7876,1
7877,1
7878,0
7884,0
7885,0
7886,0
7894,1
7897,0
7902,1
7903,0
7904,0
7911,0
7913,1
7919,1
7921,1
7924,0
7927,1
7928,1
7939,0
7953,0
7957,0
7959,0
7962,1
7967,1
7969,1
7970,1
7972,0
7976,1
7982,1
7985,1
7991,0
7993,1
7994,1
7995,1
8001,1
8002,1
8006,1
8009,1
8013,1
8016,0
8017,0
8019,0
8022,1
8024,1
8025,0
8026,1
8028,1
8032,1
8034,0
8038,1
8043,1
8044,0
8045,1
8049,0
8050,0
8055,1
8056,1
8059,0
8060,0
8062,0
8063,0
8064,0
8065,0
8066,0
8067,1
8069,1
8076,0
8077,1
8083,1
8084,1
8088,0
8089,1
8097,1
8099,0
8103,1
8104,1
8110,1
8112,1
8113,1
8116,1
8120,1
8124,1
8128,0
8130,0
8132,1
8133,1
8135,1
8137,1
8138,1
8149,1
8152,0
8153,1
8155,0
8156,0
8158,1
8159,0
8162,0
8163,1
8164,1
8168,0
8171,1
8175,0
8176,0
8177,1
8178,0
8180,1
8182,1
8187,1
8191,1
8195,1
8199,0
8201,0
8202,1
8205,1
8213,1
8217,1
8221,1
8222,1
8225,1
8229,0
8230,0
8231,1
8233,0
8236,1
8241,0
8249,0
8251,1
8253,0
8255,1
8256,1
8257,1
8258,0
8271,1
8275,1
8276,1
8278,1
8283,1
8287,0
8290,0
8300,0
8306,1
8308,0
8309,1
8311,0
8313,0
8314,1
8320,1
8321,1
8322,0
8327,0
8331,1
8336,1
8339,0
8351,1
8355,1
8356,0
8361,1
8362,1
8366,0
8371,0
8375,0
8381,1
8382,0
8386,1
8394,0
8401,1
8404,1
8408,1
8410,1
8411,1
8413,0
8415,0
8423,0
8427,1
8430,1
8432,0
8438,1
8439,0
8441,1
8448,0
8453,0
8458,1
8460,0
8461,1
8465,0
8466,1
8467,0
8468,1
8472,1
8480,1
8485,1
8488,1
8493,1
8494,0
8497,0
8500,1
8505,0
8506,0
8510,1
8511,1
8515,1
8516,1
8518,0
8519,0
8521,0
8527,1
8530,0
8534,1
8541,1
8543,1
8544,0
8547,0
8548,0
8550,1
8552,1
8553,1
8556,1
8557,1
8560,0
8572,1
8575,1
8577,1
8584,0
8587,0
8590,1
8595,0
8597,0
8602,0
8605,1
8608,0
8614,1
8616,1
8622,0
8623,1
8625,0
8628,1
8629,0
8632,0
8634,0
8638,1
8644,0
8647,0
8648,1
8653,0
8654,1
8656,0
8659,0
8662,0
8664,0
8678,1
8684,1
8685,1
8687,0
8689,0
8693,0
8698,0
8699,0
8705,0
8706,0
8708,1
8709,0
8711,1
8713,1
8718,0
8724,0
8727,1
8728,1
8732,0
8735,0
8737,1
8738,0
8740,1
8741,1
8743,0
8746,1
8747,0
8754,0
8756,0
8760,1
8763,0
8765,1
8770,1
8775,0
8781,1
8785,1
8790,1
8791,0
8793,0
8794,1
8795,1
8798,1
8799,0
8801,0
8808,1
8812,0
8815,1
8819,1
8821,1
8824,0
8827,1
8833,0
8835,0
8836,0
8837,0
8840,0
8841,1
8843,0
8845,1
8846,1
8848,0
8849,1
8856,0
8858,0
8861,1
8862,1
8863,1
8869,0
8872,0
8873,1
8875,1
8881,1
8888,0
8891,1
8895,1
8896,0
8898,0
8899,0
8903,0
8908,1
8909,0
8912,1
8914,1
8916,0
8918,1
8920,0
8923,0
8929,0
8931,1
8934,0
8936,0
8940,1
8944,0
8945,0
8946,1
8947,0
8950,1
8952,0
8957,0
8958,1
8962,0
8965,0
8967,0
8969,1
8971,0
8972,0
8973,1
8974,1
8975,0
8976,0
8977,1
8979,1
8980,0
8981,1
8982,1
8988,1
8989,1
8990,0
8997,0
9002,0
9003,1
9007,1
9008,0
9011,0
9012,1
9015,1
9016,0
9017,0
9018,0
9019,1
9027,0
9028,1
9031,1
9032,1
9033,0
9045,0
9047,0
9049,0
9058,1
9060,0
9062,1
9064,1
9081,1
9082,1
9084,1
9087,1
9091,0
9094,1
9099,0
9103,0
9106,0
9109,0
9111,1
9112,0
9116,1
9117,0
9118,1
9136,0
9139,1
9141,1
9142,1
9146,1
9148,0
9150,0
9153,0
9154,0
9155,0
9157,1
9160,0
9167,1
9174,1
9177,1
9178,1
9179,0
9184,1
9188,1
9190,0
9198,0
9211,0
9219,1
9221,0
9227,0
9234,1
9240,1
9241,1
9246,1
9247,0
9250,0
9259,1
9266,0
9267,0
9268,0
9269,1
9273,0
9275,1
9280,0
9281,0
9284,0
9287,0
9288,0
9290,0
9291,0
9297,0
9300,1
9302,0
9303,0
9304,1
9312,0
9313,0
9320,0
9321,1
9323,1
9327,0
9330,1
9331,0
9333,0
9337,0
9338,1
9340,0
9348,0
9349,0
9351,1
9352,1
9354,0
9356,0
9359,0
9360,0
9362,0
9363,1
9366,1
9368,1
9370,1
9372,0
9375,0
9377,1
9381,1
9382,0
9389,0
9394,1
9396,1
9397,1
9401,0
9408,1
9413,1
9416,1
9417,0
9419,1
9420,0
9422,1
9429,0
9435,1
9436,1
9440,0
9442,1
9449,1
9451,1
9452,1
9454,0
9462,0
9463,1
9464,0
9465,0
9467,0
9473,1
9474,1
9475,0
9477,1
9480,0
9485,0
9489,1
9490,0
9491,0
9493,1
9496,0
9498,0
9499,0
9503,1
9510,1
9512,1
9515,1
9516,1
9521,1
9522,0
9523,0
9525,0
9527,0
9529,1
9535,1
9536,0
9537,1
9538,1
9550,1
9555,0
9559,0
9561,0
9563,0
9565,1
9570,0
9572,0
9574,1
9578,0
9592,1
9595,1
9597,1
9602,1
9603,1
9604,0
9605,0
9606,1
9607,1
9614,0
9615,0
9623,1
9628,1
9629,0
9630,0
9634,0
9635,0
9638,1
9653,1
9655,0
9669,1
9675,1
9678,1
9679,1
9680,1
9682,0
9686,1
9687,1
9689,1
9691,1
9692,0
9701,1
9702,1
9704,0
9705,0
9706,1
9714,1
9715,1
9716,1
9718,1
9719,1
9728,1
9729,1
9730,1
9734,0
9735,1
9737,1
9742,1
9753,0
9758,0
9771,0
9773,1
9774,1
9781,1
9782,1
9784,0
9785,1
9786,0
9787,0
9792,1
9794,1
9795,0
9797,0
9802,1
9807,0
9810,1
9812,1
9814,0
9818,0
9830,0
9839,1
9844,0
9845,1
9849,0
9850,0
9852,1
9853,0
9856,1
9859,1
9863,1
9870,0
9877,0
9882,0
9883,0
9884,0
9887,0
9896,1
9897,1
9899,1
9900,0
9907,1
9914,1
9915,1
9919,1
9920,1
9925,1
9929,0
9931,1
9934,0
9937,1
9939,0
9940,1
9941,1
9944,0
9945,1
9949,1
9956,1
9957,0
9959,0
9960,0
9962,1
9967,1
9968,1
9974,0
9977,1
9982,1
9992,0
9994,1
9995,0
10001,1
10002,1
10006,1
10008,1
10011,0
10016,0
10017,1
10021,1
10024,1
10032,1
10035,0
10036,1
10037,0
10039,1
10044,1
10051,1
10054,0
10055,1
10057,1
10058,0
10059,1
10063,0
10067,1
10069,0
10071,0
10073,0
10074,1
10075,0
10076,0
10079,0
10081,1
10084,0
10085,1
10090,0
10091,0
10094,0
10095,0
10096,0
10097,1
10101,1
10109,1
10112,0
10117,0
10118,0
10119,0
10121,1
10124,1
10125,1
10127,1
10128,0
10135,1
10136,0
10137,0
10138,0
10141,0
10142,1
10145,1
10149,1
10153,1
10155,1
10160,0
10162,1
10166,1
10178,0
10179,1
10182,1
10184,1
10185,0
10190,0
10191,0
10201,0
10207,0
10210,0
10211,0
10213,0
10221,1
10232,1
10235,1
10241,0
10244,1
10245,1
10255,1
10260,0
10265,0
10266,0
10269,0
10276,1
10279,1
10282,0
10288,1
10289,1
10290,0
10294,1
10298,1
10300,1
10303,1
10304,1
10309,1
10314,1
10316,0
10319,0
10320,1
10323,0
10324,0
10330,0
10334,1
10340,0
10343,0
10351,0
10353,1
10354,1
10355,1
10360,0
10362,0
10366,1
10369,1
10370,0
10371,1
10374,1
10375,1
10378,0
10379,1
10380,1
10384,1
10385,1
10387,1
10393,1
10395,0
10403,1
10404,0
10408,0
10409,0
10411,0
10413,0
10415,0
10416,1
10423,0
10432,0
10434,0
10435,1
10450,1
10451,1
10453,1
10457,0
10467,0
10469,0
10476,1
10477,0
10480,0
10489,0
10491,0
10494,0
10497,0
10506,0
10507,0
10510,1
10516,0
10520,0
10521,1
10527,1
10528,1
10529,1
10531,1
10534,1
10537,0
10538,0
10541,1
10544,1
10548,1
10551,0
10552,1
10559,0
10561,0
10562,1
10563,1
10565,1
10571,0
10572,1
10575,0
10576,1
10577,0
10586,1
10587,0
10588,1
10589,1
10591,1
10599,0
10601,1
10602,0
10610,0
10612,0
10614,1
10617,1
10625,0
10632,1
10635,0
10642,0
10645,1
10651,1
10661,0
10665,1
10666,1
10667,0
10671,0
10676,0
10678,1
10680,0
10683,0
10684,0
10686,1
10688,1
10696,0
10697,1
10699,1
10705,1
10708,0
10713,0
10716,1
10717,0
10718,0
10720,0
10722,1
10724,1
10726,0
10727,0
10737,0
10741,0
10750,1
10752,0
10755,1
10760,1
10770,0
10771,0
10774,1
10775,0
10776,1
10779,1
10781,0
10784,1
10787,1
10791,1
10792,1
10795,0
10796,1
10805,1
10806,1
10807,1
10812,1
10814,1
10818,0
10821,1
10824,0
10827,0
10859,0
10861,0
10862,1
10863,1
10866,1
10868,0
10870,1
10877,0
10878,0
10879,0
10882,0
10886,1
10887,0
10888,1
10890,1
10891,0
10895,0
10899,1
10902,0
10907,1
10913,0
10915,0
10918,1
10919,1
10920,0
10921,1
10923,1
10925,1
10929,0
10931,0
10934,0
10940,0
10942,0
10944,1
10946,0
10950,1
10951,1
10954,1
10964,0
10968,1
10969,0
10970,1
10976,1
10978,0
10979,1
10983,1
10984,0
10987,0
10988,0
10990,1
10991,0
10996,1
11002,1
11005,0
11011,0
11019,1
11024,1
11025,1
11026,1
11029,0
11030,1
11032,1
11036,0
11037,0
11039,1
11042,0
11044,1
11048,1
11050,0
11052,1
11054,0
11055,1
11059,1
11060,1
11061,0
11067,0
11070,1
11075,0
11077,1
11078,0
11079,1
11080,1
11081,0
11087,0
11090,0
11091,0
11092,1
11099,0
11101,1
11112,0
11114,1
11118,1
11124,0
11126,0
11129,1
11134,1
11135,1
11136,0
11137,1
11139,1
11142,1
11147,1
11148,0
11150,0
11157,1
11158,1
11159,1
11160,0
11167,0
11170,1
11177,0
11178,0
11181,0
11182,0
11185,1
11189,0
11190,1
11194,1
11200,0
11201,1
11205,0
11206,0
11209,1
11210,1
11214,0
11217,1
11219,1
11221,1
11224,0
11229,1
11230,1
11232,1
11233,1
11240,0
11244,0
11247,1
11248,0
11249,0
11250,0
11255,1
11259,0
11260,0
11273,0
11282,1
11287,1
11288,0
11290,0
11298,0
11299,0
11300,0
11301,0
11302,0
11304,1
11313,1
11315,1
11321,1
11322,0
11325,1
11328,0
11329,0
11331,0
11341,1
11343,1
11355,0
11357,0
11358,0
11359,0
11365,1
11366,0
11368,1
11372,0
11373,0
11382,1
11384,0
11385,1
11386,0
11387,1
11388,0
11391,1
11392,1
11395,0
11400,0
11406,1
11408,0
11415,0
11416,1
11417,1
11418,1
11419,0
11420,1
11426,1
11431,1
11452,0
11453,1
11455,0
11456,0
11457,0
11459,0
11472,0
11475,0
11477,1
11479,0
11491,0
11493,0
11495,0
11496,1
11497,1
11503,0
11506,0
11512,1
11514,1
11521,1
11522,1
11532,1
11534,0
11537,0
11543,1
11548,1
11549,0
11551,0
11556,1
11562,1
11564,0
11566,1
11568,1
11571,1
11573,1
11581,1
11582,0
11585,1
11587,0
11589,1
11596,1
11601,1
11602,0
11610,1
11613,0
11624,0
11626,0
11628,0
11629,0
11632,1
11633,1
11634,0
11637,1
11638,1
11639,0
11643,1
11644,1
11645,1
11647,0
11651,1
11659,1
11666,0
11667,1
11670,0
11677,0
11680,1
11681,1
11685,0
11686,1
11688,1
11692,1
11693,1
11701,0
11706,1
11709,1
11712,1
11714,1
11719,1
11720,0
11725,0
11726,0
11729,0
11732,0
11733,1
11738,0
11739,0
11742,1
11743,0
11755,0
11767,0
11771,1
11774,0
11777,1
11779,0
11782,0
11786,0
11789,1
11791,1
11792,1
11793,0
11794,1
11810,0
11814,0
11817,1
11818,1
11819,1
11827,1
11833,0
11834,1
11835,0
11837,1
11840,1
11841,0
11843,1
11844,0
11845,0
11847,1
11849,0
11854,0
11871,1
11877,0
11882,1
11883,1
11893,0
11895,1
11896,0
11897,1
11903,0
11913,1
11918,1
11919,0
11920,1
11921,1
11922,1
11923,1
11924,1
11934,0
11936,1
11937,1
11939,0
11941,1
11942,1
11943,0
11944,0
11945,1
11950,0
11953,0
11954,1
11956,0
11958,1
11963,0
11964,0
11968,0
11969,1
11973,0
11974,1
11980,1
11983,0
11984,1
11985,1
11990,1
11991,0
11992,0
11995,0
11996,1
12000,1
12001,0
12009,1
12011,1
12013,0
12017,1
12020,0
12022,1
12023,0
12025,0
12029,0
12031,1
12036,0
12038,0
12047,0
12067,1
12068,1
12069,1
12073,0
12074,1
12082,1
12085,1
12091,1
12092,1
12103,0
12106,1
12109,1
12111,0
12113,1
12116,1
12119,0
12120,1
12121,0
12123,0
12125,0
12126,1
12129,1
12134,0
12135,0
12136,1
12139,0
12140,1
12149,0
12150,1
12155,1
12157,1
12167,0
12170,1
12172,0
12173,1
12179,0
12182,1
12183,1
12184,0
12186,0
12187,1
12190,0
12191,0
12195,0
12196,0
12200,1
12201,1
12202,0
12205,0
12215,1
12217,1
12220,0
12221,0
12223,1
12225,0
12233,0
12235,0
12247,1
12248,1
12253,0
12257,0
12260,1
12261,0
12262,1
12264,0
12270,1
12271,1
12272,1
12282,0
12283,0
12288,1
12289,0
12290,1
12292,1
12294,1
12296,0
12301,0
12302,0
12304,1
12307,0
12310,1
12313,1
12314,0
12317,1
12319,0
12326,1
12329,1
12330,0
12332,1
12333,0
12335,0
12336,0
12338,0
12339,0
12343,0
12347,1
12351,0
12352,0
12353,0
12354,1
12355,1
12357,0
12363,0
12366,1
12367,1
12370,1
12371,0
12372,0
12376,0
12378,1
12380,0
12384,1
12386,0
12389,1
12400,0
12401,1
12403,1
12405,1
12406,0
12407,0
12410,1
12411,0
12412,0
12414,1
12420,1
12424,0
12430,0
12435,1
12439,1
12451,1
12452,0
12464,1
12467,0
12470,0
12471,0
12472,1
12480,1
12485,1
12488,1
12491,1
12492,0
12493,0
12501,1
12503,0
12504,1
12510,1
12511,0
12513,1
12516,1
12521,0
12523,1
12524,0
12525,0
12528,1
12530,0
12533,0
12536,1
12540,1
12543,0
12547,0
12549,1
12550,1
12557,1
12559,1
12562,1
12563,1
12570,1
12574,1
12578,1
12581,0
12584,0
12585,0
12587,0
12589,0
12593,1
12594,1
12604,1
12610,1
12612,1
12614,1
12621,0
12625,0
12626,1
12628,1
12634,0
12638,0
12647,0
12651,1
12653,0
12656,0
12666,0
12667,1
12668,1
12672,1
12674,1
12676,0
12679,1
12682,0
12686,1
12687,1
12694,1
12696,0
12699,0
12701,0
12702,1
12703,0
12706,0
12708,0
12713,1
12714,1
12717,0
12719,1
12720,1
12722,0
12723,1
12729,1
12730,0
12731,1
12732,1
12736,1
12738,0
12739,1
12740,1
12746,1
12747,0
12748,1
12750,1
12752,1
12753,1
12758,1
12760,1
12763,1
12764,0
12768,1
12770,0
12773,1
12775,1
12787,0
12788,1
12789,0
12790,1
12791,0
12796,1
12797,1
12798,0
12799,1
12803,1
12805,1
12808,1
12809,1
12812,1
12813,1
12821,0
12825,1
12828,1
12832,1
12835,0
12838,1
12839,1
12841,1
12842,1
12843,1
12846,1
12849,1
12850,0
12852,0
12857,0
12859,0
12860,1
12861,1
12862,1
12866,1
12867,0
12870,1
12871,0
12875,0
12877,0
12880,0
12889,0
12890,0
12896,1
12899,1
12905,1
12909,1
12914,0
12918,0
12921,1
12924,1
12928,1
12934,1
12937,1
12938,0
12940,0
12942,1
12944,0
12945,0
12947,1
12955,0
12958,1
12963,1
12966,1
12972,0
12974,0
12975,1
12977,1
12978,1
12981,0
12985,0
12989,1
12995,1
12997,1
13005,0
13009,1
13013,1
13020,1
13027,1
13028,1
13029,0
13030,0
13032,1
13033,1
13039,1
13043,0
13046,0
13049,0
13052,0
13053,1
13054,0
13055,0
13060,1
13069,0
13072,0
13073,0
13079,1
13080,0
13081,0
13083,0
13085,0
13089,1
13095,1
13096,1
13098,1
13099,1
13101,0
13103,1
13106,1
13107,0
13111,1
13112,1
13117,1
13121,0
13128,0
13129,1
13130,1
13141,1
13143,0
13147,0
13150,0
13156,1
13160,0
13161,1
13162,1
13165,1
13167,1
13169,0
13170,0
13171,0
13175,0
13177,0
13179,1
13181,0
13182,1
13186,1
13188,0
13194,0
13196,0
13202,0
13204,1
13213,0
13222,0
13225,0
13229,0
13230,0
13238,0
13242,0
13243,0
13245,0
13259,1
13260,1
13261,0
13264,0
13266,1
13271,0
13274,1
13283,1
13293,1
13298,1
13301,1
13305,1
13312,0
13313,0
13316,1
13317,1
13318,0
13323,1
13332,0
13333,1
13334,1
13335,1
13336,0
13337,0
13340,0
13346,1
13350,1
13351,1
13365,1
13366,0
13367,1
13370,0
13373,1
13374,0
13375,0
13376,1
13379,0
13384,0
13385,1
13388,1
13390,0
13393,0
13399,1
13420,0
13429,1
13430,0
13437,0
13438,0
13443,1
13444,1
13447,0
13451,1
13453,1
13454,0
13458,0
13464,1
13469,1
13474,1
13477,1
13478,1
13483,0
13485,0
13491,1
13496,0
13502,1
13506,1
13510,1
13511,0
13512,1
13514,1
13516,1
13517,0
13526,0
13533,1
13537,1
13539,0
13544,0
13545,1
13552,1
13558,1
13565,1
13566,1
13567,0
13570,1
13575,0
13577,0
13580,1
13581,0
13583,0
13601,0
13602,0
13604,0
13605,0
13608,0
13611,0
13616,1
13617,0
13618,1
13621,1
13622,1
13624,0
13631,1
13636,0
13638,1
13644,1
13645,0
13647,0
13648,1
13649,0
13652,0
13656,1
13661,1
13663,0
13668,0
13669,1
13670,0
13674,0
13675,1
13678,1
13682,1
13685,1
13688,1
13691,0
13697,0
13699,0
13702,1
13705,0
13706,1
13708,1
13712,1
13718,0
13725,0
13729,1
13741,0
13742,1
13745,0
13746,1
13753,1
13755,1
13757,0
13759,1
13761,1
13763,0
13770,1
13774,1
13783,0
13786,0
13789,0
13791,0
13794,1
13796,1
13798,0
13801,1
13804,1
13806,1
13807,0
13820,1
13834,1
13837,1
13838,0
13844,1
13850,0
13851,1
13853,1
13855,0
13856,1
13861,0
13864,1
13866,0
13869,1
13870,0
13872,0
13874,1
13876,1
13878,0
13881,1
13886,0
13889,0
13894,0
13898,1
13900,1
13902,1
13905,1
13907,0
13910,1
13914,1
13921,0
13925,0
13927,0
13929,1
13933,1
13935,0
13942,1
13943,1
13946,1
13948,0
13949,0
13969,1
13971,0
13974,0
13975,1
13976,0
13981,0
13989,1
13998,0
14000,0
14003,1
14004,1
14005,1
14009,1
14011,1
14012,1
14016,0
14019,1
14021,0
14022,1
14024,0
14030,0
14035,1
14042,0
14043,0
14051,1
14055,1
14063,1
14067,1
14068,1
14072,1
14074,0
14082,0
14090,1
14094,1
14097,0
14099,1
14103,0
14106,1
14107,0
14110,1
14111,1
14114,0
14115,0
14117,0
14124,1
14125,1
14127,1
14128,1
14129,1
14131,1
14133,0
14135,0
14136,0
14140,0
14141,0
14143,0
14145,1
14147,1
14149,1
14152,0
14153,0
14157,0
14159,0
14163,0
14164,0
14166,0
14167,1
14169,1
14174,0
14178,0
14184,1
14194,1
14196,1
14198,1
14199,1
14202,1
14207,1
14208,1
14209,1
14215,0
14219,0
14223,1
14224,1
14229,0
14230,0
14234,1
14235,1
14236,1
14240,1
14242,0
14246,1
14249,1
14250,0
14252,0
14256,0
14258,0
14261,0
14271,0
14273,0
14274,1
14278,0
14280,1
14282,0
14292,1
14293,0
14295,1
14297,0
14298,1
14300,0
14303,1
14304,1
14305,1
14320,0
14327,1
14328,0
14334,1
14340,0
14344,1
14348,1
14350,1
14351,1
14354,1
14355,0
14358,1
14359,1
14362,0
14365,0
14375,1
14377,1
14378,0
14379,1
14380,1
14381,0
14382,0
14384,1
14389,1
14390,0
14400,1
14401,1
14406,1
14411,1
14417,0
14418,1
14419,1
14421,1
14431,1
14443,1
14446,0
14450,1
14451,1
14452,1
14455,0
14456,0
14461,0
14463,1
14466,0
14480,1
14503,1
14505,1
14509,1
14511,1
14512,1
14519,0
14524,1
14528,0
14538,1
14542,0
14546,1
14547,1
14548,0
14555,0
14569,0
14572,0
14573,1
14577,1
14579,0
14581,1
14582,0
14587,0
14599,1
14607,1
14608,0
14609,0
14614,1
14619,1
14620,1
14622,1
14623,1
14627,1
14630,1
14631,1
14634,0
14636,1
14640,1
14642,0
14643,1
14654,0
14657,0
14659,0
14661,1
14662,1
14665,1
14672,1
14675,1
14679,1
14681,1
14683,0
14685,1
14695,0
14697,1
14698,1
14700,0
14702,1
14704,0
14714,1
14716,0
14717,0
14719,0
14720,0
14721,0
14726,0
14729,1
14730,0
14739,0
14740,1
14741,1
14748,1
14751,0
14753,1
14754,0
14756,0
14765,0
14771,1
14774,0
14775,1
14779,0
14780,0
14783,0
14784,1
14786,0
14788,1
14791,0
14794,0
14802,1
14814,1
14817,0
14821,0
14828,1
14831,1
14833,1
14836,1
14837,0
14842,0
14844,1
14845,0
14847,1
14855,1
14857,1
14862,0
14863,0
14864,1
14867,1
14868,0
14869,1
14871,0
14874,0
14880,1
14881,0
14884,1
14888,1
14891,0
14892,1
14896,0
14897,1
14900,1
14902,0
14904,0
14907,0
14917,1
14920,0
14926,0
14930,0
14934,0
14941,1
14944,1
14950,1
14951,1
14952,0
14955,1
14957,0
14958,0
14960,0
14961,1
14962,0
14963,1
14966,1
14969,1
14976,0
14982,0
14984,1
14995,0
14996,0
15000,1
15009,1
15012,1
15013,0
15019,0
15021,1
15024,1
15025,1
15027,0
15029,0
15034,1
15037,1
15041,0
15043,0
15044,0
15046,0
15054,1
15056,1
15057,0
15058,1
15059,0
15063,1
15065,0
15067,0
15073,0
15076,1
15082,0
15084,1
15086,0
15087,0
15088,1
15090,0
15092,1
15095,0
15097,0
15099,0
15104,0
15106,1
15107,1
15109,0
15117,1
15119,1
15125,1
15126,1
15130,1
15131,1
15133,0
15136,0
15145,1
15147,1
15150,0
15152,1
15158,0
15161,0
15165,1
15167,0
15169,0
15171,0
15173,0
15175,1
15179,0
15185,1
15186,1
15189,0
15190,1
15194,0
15196,0
15200,0
15208,1
15211,1
15214,1
15215,1
15219,1
15220,1
15221,1
15228,1
15231,1
15233,0
15239,0
15240,1
15241,0
15243,0
15247,1
15254,1
15259,0
15262,1
15263,0
15265,0
15267,1
15268,1
15270,1
15271,1
15272,0
15273,1
15274,1
15275,0
15277,1
15278,0
15279,0
15288,0
15290,1
15294,1
15296,1
15297,1
15301,0
15303,1
15304,0
15309,1
15313,1
15314,1
15316,1
15317,0
15322,0
15330,1
15333,1
15334,0
15338,1
15349,0
15350,1
15351,1
15356,1
15367,0
15375,0
15377,1
15382,0
15384,1
15392,0
15398,1
15401,1
15407,0
15412,0
15419,0
15423,0
15433,1
15459,0
15462,0
15465,0
15466,1
15470,0
15472,1
15473,1
15474,0
15477,1
15483,0
15484,0
15491,1
15492,0
15493,1
15494,1
15499,1
15502,1
15504,1
15507,1
15508,1
15509,0
15515,0
15516,1
15523,0
15531,0
15540,0
15542,1
15543,1
15551,0
15553,0
15555,1
15556,0
15559,0
15561,1
15563,1
15564,1
15572,1
15573,1
15577,1
15578,1
15588,1
15597,1
15598,0
15602,1
15605,1
15610,0
15612,0
15613,1
15622,0
15624,1
15625,1
15626,1
15627,1
15629,0
15636,1
15637,1
15638,1
15639,0
15641,1
15642,1
15643,0
15644,0
15648,0
15656,0
15669,0
15671,0
15673,0
15674,0
15676,1
15678,0
15679,1
15684,0
15685,0
15689,1
15690,1
15699,1
15702,0
15703,1
15708,0
15709,1
15712,1
15717,1
15721,1
15723,0
15729,0
15733,1
15739,1
15741,1
15745,0
15749,1
15753,1
15755,1
15757,0
15765,0
15770,0
15772,0
15773,1
15777,0
15782,0
15784,0
15785,0
15788,0
15791,0
15799,0
15800,0
15807,0
15812,0
15815,1
15816,1
15817,1
15838,1
15839,0
15847,1
15848,0
15856,1
15863,0
15867,1
15870,0
15872,0
15875,1
15876,1
15881,0
15888,0
15894,0
15896,0
15898,1
15902,1
15903,1
15904,1
15905,0
15907,1
15913,0
15914,0
15915,0
15916,0
15917,0
15921,1
15923,1
15926,0
15928,0
15945,1
15946,0
15948,1
15949,1
15951,1
15954,1
15956,0
15957,0
15959,0
15960,1
15961,1
15963,1
15964,0
15966,0
15972,0
15973,0
15979,1
15980,1
15982,1
15983,0
15988,0
15989,0
15990,0
15995,0
15996,1
15998,1
15999,1
16000,1
16001,1
16002,1
16003,1
16004,0
16008,1
16012,1
16015,0
16022,1
16024,0
16027,0
16030,1
16033,0
16035,0
16037,0
16040,1
16042,0
16044,1
16045,1
16046,1
16047,1
16048,1
16049,1
16055,0
16058,0
16061,1
16062,1
16066,0
16070,1
16076,0
16078,1
16085,1
16086,0
16088,0
16091,0
16093,1
16097,0
16099,0
16100,0
16117,1
16118,0
16124,0
16133,0
16135,0
16137,0
16140,0
16144,0
16146,0
16148,1
16149,1
16153,0
16156,1
16158,1
16159,0
16168,1
16171,0
16176,1
16178,1
16179,0
16183,1
16185,1
16186,0
16195,0
16200,0
16201,1
16202,1
16204,1
16212,1
16216,0
16223,0
16225,1
16232,1
16233,0
16237,0
16242,0
16247,1
16249,0
16251,1
16252,0
16254,0
16256,1
16260,0
16272,0
16274,1
16275,1
16277,0
16282,1
16287,1
16288,0
16289,1
16290,1
16291,1
16294,1
16295,0
16296,0
16302,0
16303,0
16304,0
16307,0
16308,1
16309,1
16312,1
16314,1
16318,1
16320,1
16327,0
16330,1
16332,1
16335,1
16337,1
16339,0
16343,1
16345,1
16349,0
16354,1
16356,1
16357,0
16364,1
16368,0
16370,1
16371,0
16372,0
16375,0
16379,1
16387,0
16388,1
16391,0
16392,0
16401,0
16403,1
16404,0
16409,1
16412,0
16418,1
16422,0
16424,0
16431,0
16433,0
16436,1
16445,1
16447,1
16448,1
16449,0
16451,0
16453,1
16454,1
16461,1
16471,0
16473,1
16478,0
16483,0
16485,0
16493,1
16495,0
16498,0
16499,1
16500,1
16502,0
16503,0
16507,0
16514,1
16518,0
16534,1
16543,1
16550,1
16555,1
16556,0
16559,0
16562,1
16563,1
16566,0
16570,0
16573,1
16574,0
16580,0
16581,0
16582,1
16587,0
16590,0
16591,0
16593,0
16594,0
16595,1
16596,0
16598,0
16599,0
16602,0
16612,0
16617,1
16621,0
16622,1
16625,1
16626,1
16628,1
16632,0
16635,1
16639,1
16640,1
16642,1
16643,0
16645,0
16647,1
16656,0
16658,0
16661,1
16666,1
16671,0
16675,0
16684,0
16686,0
16688,0
16690,1
16692,1
16695,1
16696,1
16704,1
16705,0
16706,1
16711,0
16714,1
16720,1
16723,0
16724,1
16725,0
16726,1
16729,0
16735,0
16741,0
16742,1
16745,0
16747,1
16748,0
16750,1
16751,0
16752,0
16758,0
16761,1
16762,0
16768,0
16769,0
16773,1
16775,0
16776,1
16779,1
16781,1
16783,1
16785,1
16787,0
16796,1
16798,0
16800,0
16801,1
16803,1
16806,1
16809,0
16810,1
16811,0
16812,1
16813,0
16817,0
16818,1
16822,0
16824,1
16826,0
16827,0
16835,0
16837,1
16841,1
16842,0
16851,0
16853,0
16855,1
16856,0
16862,1
16863,0
16867,1
16873,1
16877,0
16879,0
16886,1
16888,1
16890,1
16891,1
16894,1
16895,0
16897,1
16898,0
16902,1
16910,1
16916,1
16920,1
16923,0
16927,0
16928,0
16929,0
16930,1
16933,1
16936,0
16941,0
16949,0
16950,1
16953,1
16955,1
16964,1
16965,1
16971,0
16972,1
16974,0
16976,1
16978,0
16981,1
16982,0
16984,0
16985,0
16987,1
16995,0
16996,1
16999,1
17000,0
17001,0
17003,0
17005,1
17007,1
17008,1
17009,0
17010,1
17011,0
17014,1
17015,0
17018,1
17025,1
17026,1
17029,1
17035,0
17037,1
17048,0
17049,0
17052,1
17055,1
17058,1
17059,1
17063,0
17064,1
17065,0
17073,1
17077,0
17079,1
17087,1
17088,1
17090,0
17093,1
17094,1
17096,1
17102,1
17103,1
17104,1
17106,0
17109,1
17110,0
17115,0
17116,0
17118,1
17119,1
17120,1
17125,0
17128,0
17130,1
17131,0
17132,1
17133,1
17134,1
17142,0
17147,0
17148,1
17151,0
17159,1
17160,1
17163,0
17166,1
17170,0
17172,1
17176,1
17178,1
17179,0
17180,1
17182,1
17184,0
17190,0
17191,0
17202,1
17204,0
17205,1
17208,1
17216,0
17218,0
17220,1
17226,1
17232,0
17235,0
17237,0
17248,1
17249,0
17251,0
17253,0
17254,1
17258,0
17259,1
17260,1
17271,1
17276,1
17277,1
17279,1
17280,0
17281,0
17294,0
17297,1
17299,1
17300,0
17320,1
17323,1
17324,1
17329,1
17330,0
17332,1
17335,1
17336,0
17342,1
17345,1
17357,0
17358,0
17360,0
17361,1
17362,1
17363,1
17367,1
17377,0
17389,0
17391,1
17392,0
17394,0
17398,1
17402,1
17406,1
17407,1
17409,0
17423,1
17425,1
17427,1
17428,0
17432,0
17440,0
17446,0
17450,0
17452,0
17453,1
17454,0
17456,0
17461,0
17473,1
17479,1
17481,1
17486,0
17488,0
17490,1
17495,0
17496,1
17500,1
17504,1
17506,1
17508,0
17515,0
17519,1
17521,1
17523,1
17528,1
17531,0
17532,0
17535,1
17539,0
17545,1
17552,0
17555,1
17560,1
17561,0
17562,0
17564,0
17568,1
17576,1
17580,1
17581,0
17582,0
17585,0
17586,0
17589,0
17591,0
17596,1
17598,0
17600,0
17601,0
17602,0
17604,0
17606,0
17609,1
17613,1
17614,1
17619,1
17626,0
17628,1
17629,0
17632,1
17638,1
17642,0
17643,1
17644,0
17647,0
17648,1
17654,0
17656,1
17665,0
17667,1
17671,1
17673,0
17675,1
17680,0
17683,1
17685,0
17687,1
17690,0
17694,0
17698,1
17704,1
17710,0
17711,0
17715,1
17716,1
17718,1
17721,1
17727,1
17728,0
17729,1
17731,0
17732,1
17736,0
17737,1
17744,1
17746,0
17748,1
17750,1
17751,1
17756,1
17757,1
17758,1
17760,0
17766,0
17768,1
17770,1
17772,1
17788,1
17789,0
17791,0
17797,1
17802,1
17803,0
17810,0
17812,1
17817,0
17819,1
17820,0
17823,1
17829,1
17830,0
17831,1
17834,1
17835,0
17839,1
17842,0
17843,1
17845,1
17848,0
17849,1
17850,1
17853,0
17855,0
17863,1
17866,0
17869,0
17870,0
17871,0
17874,0
17876,1
17877,0
17879,1
17880,0
17882,1
17883,1
17893,1
17894,0
17896,0
17897,0
17903,0
17904,1
17908,1
17909,1
17910,1
17923,1
17924,0
17929,1
17930,1
17931,0
17933,1
17938,1
17939,1
17943,0
17947,1
17954,1
17958,1
17965,0
17970,0
17976,0
17979,1
17980,1
17984,1
17990,1
17992,0
17995,0
17996,0
17997,1
17999,0
18000,1
18001,1
18018,0
18019,1
18025,0
18029,0
18032,0
18033,0
18037,1
18042,1
18044,0
18045,1
18046,1
18048,0
18049,1
18053,1
18055,0
18057,0
18058,1
18059,0
18060,1
18076,1
18078,1
18081,1
18082,0
18087,0
18092,0
18093,0
18101,1
18104,0
18113,1
18115,0
18121,1
18129,1
18130,0
18132,1
18133,1
18138,1
18144,1
18149,0
18150,1
18154,0
18159,1
18162,0
18171,0
18173,1
18176,1
18178,1
18180,1
18183,1
18186,0
18191,0
18196,1
18209,0
18214,0
18217,0
18219,1
18220,0
18225,1
18227,1
18228,1
18238,1
18243,1
18251,0
18252,0
18258,1
18259,1
18264,0
18266,0
18267,0
18270,1
18271,0
18272,1
18276,0
18283,0
18285,0
18294,1
18297,1
18300,0
18302,1
18307,0
18310,1
18313,0
18315,1
18320,0
18331,0
18332,0
18333,1
18336,1
18337,0
18342,0
18345,0
18349,1
18350,0
18351,1
18360,0
18366,1
18372,0
18376,1
18379,0
18381,0
18383,1
18384,0
18388,0
18391,0
18393,1
18395,1
18396,1
18398,0
18400,1
18402,1
18410,0
18412,1
18418,1
18421,0
18424,1
18432,0
18435,1
18436,0
18437,0
18446,0
18451,0
18453,0
18457,1
18463,1
18474,0
18475,1
18480,1
18486,1
18491,1
18492,0
18495,0
18496,0
18499,1
18500,0
18505,1
18506,1
18511,0
18513,1
18515,0
18516,1
18518,1
18521,0
18531,0
18532,0
18534,0
18538,1
18540,1
18544,1
18550,1
18553,1
18556,1
18561,1
18564,0
18567,0
18568,1
18572,1
18577,0
18578,0
18580,0
18584,0
18587,0
18590,1
18593,1
18594,0
18598,1
18601,1
18603,0
18605,0
18608,0
18612,0
18614,0
18618,1
18619,1
18623,0
18624,0
18632,0
18634,0
18635,1
18640,1
18643,1
18644,0
18650,0
18652,1
18653,0
18655,0
18660,1
18665,0
18668,0
18669,0
18675,0
18679,0
18688,1
18691,1
18692,1
18693,0
18700,1
18704,1
18705,0
18706,0
18716,1
18717,1
18723,0
18733,0
18735,0
18737,1
18746,1
18747,0
18750,0
18752,1
18755,1
18758,0
18759,1
18761,1
18770,0
18772,1
18773,0
18775,0
18776,0
18779,0
18780,0
18789,0
18792,1
18798,0
18799,0
18805,0
18807,1
18809,1
18811,1
18812,0
18820,1
18826,0
18827,1
18829,1
18833,0
18834,1
18837,1
18839,1
18842,0
18844,0
18846,1
18852,0
18853,1
18861,0
18863,0
18865,0
18868,1
18870,0
18871,0
18872,1
18877,0
18881,0
18883,1
18886,0
18887,1
18889,1
18892,1
18895,0
18899,0
18900,0
18901,0
18902,0
18903,0
18907,1
18913,0
18918,0
18920,0
18921,0
18934,1
18937,1
18939,0
18941,1
18944,0
18946,0
18948,0
18959,1
18961,0
18963,1
18964,1
18967,1
18973,1
18974,1
18980,0
18985,1
18993,1
18995,1
18996,1
18997,1
19008,0
19010,0
19019,1
19021,1
19027,1
19028,0
19029,0
19033,1
19035,1
19037,1
19038,1
19039,1
19041,1
19044,1
19046,1
19051,0
19056,0
19057,0
19060,1
19061,0
19066,0
19069,0
19071,0
19075,0
19081,0
19086,0
19089,0
19095,0
19098,1
19099,0
19101,1
19103,1
19111,0
19116,0
19118,0
19121,0
19123,0
19129,0
19137,0
19140,1
19141,0
19144,1
19145,0
19146,1
19149,1
19154,1
19164,1
19166,1
19169,1
19174,1
19180,1
19186,1
19189,0
19193,0
19194,0
19200,0
19201,1
19212,0
19213,0
19214,1
19218,1
19224,1
19228,1
19231,1
19234,0
19237,0
19243,1
19245,1
19249,1
19250,0
19252,0
19258,1
19259,0
19263,0
19267,1
19268,1
19271,0
19277,0
19278,0
19279,0
19282,1
19288,0
19291,0
19296,0
19299,1
19301,0
19303,1
19304,1
19308,1
19316,0
19318,1
19321,1
19327,0
19331,1
19333,0
19336,1
19342,0
19351,1
19354,1
19355,1
19356,0
19360,0
19366,0
19371,0
19374,0
19379,1
19380,0
19392,0
19395,0
19397,0
19398,1
19402,0
19404,1
19406,1
19409,0
19423,0
19426,0
19427,1
19433,0
19437,1
19439,1
19441,1
19442,0
19445,1
19446,0
19449,1
19451,0
19453,1
19455,1
19459,0
19460,0
19461,1
19462,1
19467,1
19469,1
19472,1
19473,0
19474,1
19475,1
19476,0
19477,0
19482,1
19488,0
19503,0
19510,0
19513,1
19515,0
19525,1
19528,1
19531,1
19532,1
